id,bonus1_id,bonus2_id,bonus3_id,bonus4_id,effect1_id,effect2_id,malus1_id,malus2_id,malus3_id,name,isunique,description,bought,used,type,support ,support_2,support_3
1,18,2,NULL,NULL,NULL,NULL,NULL,NULL,NULL,Feuilletage à l'iridium,0,"Couverture du support par de fines feuilles d’iridium superposées, sur plusieurs couches. On tâche de laisser chaque couche de feuilletage se fixer pendant une journée, en environnement clos, avant d'ajouter la suivante. Une fois que les couches sont achevées, on place une laque de fixation. Le résultat rend en général le support d’un gris passé.",0,0,Alliage métalique,Armures,Armes,
2,16,8,NULL,NULL,NULL,NULL,NULL,NULL,NULL,Mithril solaire,0,"Alliage de mithril et d’or. On le forge à haute température pendant un jour. La trempe se fait en deux fois, une à l’eau tiède, une à l’eau glacée. Le support aura une couleur d’or pouvant aller du saturé au pâle, mais très vibrante et avec des ondoiements. Cette différence vient souvent du dosage de chaque matériau qui est utilisé.",0,0,Alliage métalique,Armures,Armes,
3,18,2,NULL,NULL,NULL,NULL,NULL,NULL,NULL,Mithril supérieur,0,"Mélange de mithril et de palladium. On le forge d’abord à très haute température pendant deux jours. Sa trempe s’effectue ensuite dans une eau tiède. Les outils sont en général à usage unique pour chaque exemplaire de cet alliage. Lorsqu’il est terminé, il possède une couleur proche de celle de l’argent, avec un lustre brillant qui peut présenter des reflets ou des nuances.",0,0,Alliage métalique,Armures,Armes,
4,18,6,12,NULL,NULL,NULL,NULL,NULL,NULL,Aura,0,"Alliage de vrai-argent et d’or. On le forge d’abord à haute température, puis à basse. Il possède des couleurs claires, aux reflets bleu ciel ou rosés. Bien qu’il ne demande que des outils classiques à la forge, il faut néanmoins faire attention lors du mélange afin de respecter des doses strictes. La trempe se fait en une fois.",0,0,Alliage métalique,Armures,Armes,
5,18,16,6,NULL,NULL,NULL,NULL,NULL,NULL,Ciselure à l'iridium,0,"Le corps du support est creusé méthodiquement et très finement, en des sillons de la taille d’une aiguille. On remplit ensuite les sillons creusés avec une solution d’iridium traitée spécifiquement. On laisse durcir pendant une journée dans un lieu clos, où est projetée régulièrement de la fumée humide. Lorsque le traitement est terminé, le support présente des tracés d’un gris terne là où l’iridium a été implanté.",0,0,Alliage métalique,Armures,Armes,
6,22,18,NULL,NULL,NULL,NULL,NULL,NULL,NULL,Palladium océanique,0,"Mélange de saphir et de palladium. On le forge à haute température, puis on le laisse reposer pendant une journée complète dans un environnement spécifique, avant d’achever avec une trempe en quatre phases, entrecoupées par un réchauffement de l’objet et son exposition à des flux d’énergie réguliers. Il adopte de délicates nuances de bleu.",0,0,Alliage métalique,Armures,Armes,Bijoux
7,18,8,6,NULL,80,NULL,NULL,NULL,NULL,Ôl d'armure,0,"Alliage d'ilith et de vrai-argent, il n’est pas forgé dans une forge classique, mais dans une forge-arcane, où les sources de chaleur sont toutes énergétiques. Fondu par un maître mage, il est longuement imprégné d’énergie, puis réassemblé dans un moule fait de glace à très basse température. On l’y plonge seulement une minute puis on le ressort pour achever son polissage. Il a une couleur pâle, parfois un peu bleutée, et on peut éventuellement le teindre si la personne le demande. Il peut être mat ou brillant, mais montre toujours des nuances et des ondoiements.",0,0,Alliage métalique,Armures,,
8,18,6,NULL,NULL,159,NULL,NULL,NULL,NULL,Clara,0,"Mélange d’orichalque, d’ilith et d’une fine poudre d’artefacts draconiques. Forgé à basse température, puis trempé dans une eau à haute densité en minéraux, l’alliage demande beaucoup de soin et de temps, entre une semaine et deux mois. Il porte des filigranes et des incrustations personnalisés pour chaque personne. De plus, sa forge en feuilletage donne des nuances de couleur et peut permettre de renforcer une zone plus qu'une autre.",0,0,Alliage métalique,Armures,,
9,18,6,NULL,NULL,163,NULL,NULL,NULL,NULL,Esper,0,"Mélange de mithril, de rysine et de cristal de magie. Forgé à haute température, puis trempé dans une eau à haute densité en minéraux, l’alliage demande beaucoup de soin et de temps, entre une semaine et deux mois. Il porte des filigranes et des incrustations personnalisés pour chaque personne. De plus, sa forge en feuilletage donne des nuances de couleur et peut permettre de renforcer une zone plus qu'une autre.",0,0,Alliage métalique,Armures,,
10,18,6,NULL,NULL,134,NULL,NULL,NULL,NULL,Thïs,0,"Mélange de mithril, d’ilith et de runes incarnées. Forgé à haute température puis trempé dans une eau à haute densité en minéraux, l’alliage demande beaucoup de soin et de temps, entre une semaine et deux mois. Il porte des filigranes et des incrustations personnalisés pour chaque personne. De plus, sa forge en feuilletage donne des nuances de couleur et peut permettre de renforcer une zone plus qu'une autre.",0,0,Alliage métalique,Armures,,
11,NULL,NULL,NULL,NULL,120,149,47,32,NULL,Lithiné,0,"Pour boucliers quand armes.
Mélange d’iridium, d’argent sombre, d’un peu d’adamantine et de technologie almaréenne. Il est forgé avec une température extrême et trempé avec de la glace ou, si possible, du permafrost. Il demande énormément de temps de forge, plus d’un mois, et une extrême attention, afin de ne pas rater sa préparation. Une fois terminé, l’alliage est d’un noir profond, mat et lisse. Il ne se raye pas et ne se ternit pas.",0,0,Alliage métalique,Armures,Armes,
12,18,6,12,NULL,NULL,NULL,NULL,NULL,NULL,Shalka,0,"Alliage de vrai-argent et de rysine. On le forge d’abord à haute température, puis à basse. Il possède des couleurs sombres, aux reflets bleus ou violines. Bien qu’il ne demande que des outils classiques à la forge, il faut néanmoins faire attention lors du mélange afin de respecter des doses strictes. La trempe se fait en une fois.",0,0,Alliage métalique,Armures,Armes,
13,18,NULL,NULL,NULL,91,NULL,54,NULL,NULL,Thorium,0,"Alliage d'adamantine et de poudre d’os de vampires. On broie l’os et on l’ajoute au métal fondu que l’on chauffe à température moyenne, pincée par pincée. La trempe se fait dans de l’eau glacée. Le support adopte une apparence terne à la surface poudreuse. Il est parfois possible de rajouter quelques copeaux d’iridium.",0,0,Alliage métalique,Armes,,
14,NULL,NULL,NULL,NULL,131,141,19,NULL,NULL,Verre tribal,0,"Il ne s’agit pas réellement d’un alliage mais d’une reconstruction de l’objet avec un verre végétal issu de la sève des arbres de l’archipel et d’une inclusion d’orhium. Chaque objet est un exemplaire unique de cet alliage et doit être travaillé pendant un mois avant d’être utilisable. On peut inclure des pigments dans le mélange, afin de le teinter selon le choix du porteur.",0,0,Alliage métalique,Armes,,
15,18,NULL,NULL,NULL,81,119,NULL,NULL,NULL,Laque d’opiniâtreté,0,"Une laque faite de pierre de lune et d'adamantine, elle est dure à doser, car il ne faut appliquer qu'une couche très légère. Il faut également que cette couche soit uniforme sur toute l'arme, exceptée la garde qu'on ne laque pas. Il faut ensuite laisser sécher l'arme une nuit entière, et de préférence à la pleine lune. Une fois que la laque est sèche, l'arme est polie et peut éventuellement être gravée.",0,0,Alliage métalique,Armes,,
16,18,8,6,NULL,90,NULL,NULL,NULL,NULL,Ôl,0,"Alliage d'ilith et de vrai-argent, il n’est pas forgé dans une forge classique, mais dans une forge-arcane, où les sources de chaleur sont toutes énergétiques. Fondu par un maître mage, il est longuement imprégné d’énergie, puis réassemblé dans un moule fait de glace à très basse température. On l’y plonge seulement une minute puis on le ressort pour achever son polissage. Il a une couleur pâle, parfois un peu bleutée, et on peut éventuellement le teindre si la personne le demande. Il peut être mat ou brillant, mais montre toujours des nuances et des ondoiements.",0,0,Alliage métalique,Armes,,
17,68,NULL,NULL,NULL,115,NULL,NULL,NULL,NULL,Laque d'invisibilité,0,"Plus précisément pour Armes tranchantes.
Cette laque est appliquée par couches successives d'une à cinq, pendant une semaine, puis laissée à sécher dans un lieu conditionné pour cet usage. Cette laque est constituée d'une poudre de pieuvre d'énergie, de poudre d'agathe et d'orichalque. Une fois appliquée, la laque semble s’estomper peu à peu jusqu’à devenir invisible. Elle s’écaille lentement pour ne plus coller, et une fois débarrassée de la solution, l’arme est traitée définitivement.",0,0,Alliage métalique,Armes,,
18,22,NULL,NULL,NULL,141,NULL,19,3,NULL,Vitrail chatoyant,0,"Il ne s'agit pas d'un travail de métal pur, mais d’un assemblage de verre et plus précisément des vitraux. L'arme est donc complètement reconstruite, en un vitrail unique à chaque fois, et dont la structure est faite d'un mélange de mithril et de tourmaline. Le résultat est absolument époustouflant et très prisé dans les hautes sociétés.",0,0,Alliage métalique,Armes,,
19,18,NULL,NULL,NULL,104,140,NULL,NULL,NULL,Abîme,0,"Alliage d’argent sombre, d’adamantine, de gemmes de sang et d’orhium. On fusionne d’abord l’argent sombre avec l’adamantine et on laisse le métal en fusion dans un moule infusé de magie pour qu’il ne durcisse pas. Puis, pendant plusieurs jours, on laisse reposer en incluant par couches soufflées la poudre de gemme de sang et lorsque l’alliage a durci, on le fond de nouveau pour inclure l’orhium. Une fois achevé par une trempe lourde à l’eau et au sang, l’alliage présente une teinte sombre, veinée.
",0,0,Alliage métalique,Armes,,
20,18,8,6,NULL,121,NULL,NULL,NULL,NULL,Ôl animale,0,"Alliage d'ilith et de vrai-argent, il n’est pas forgé dans une forge classique, mais dans une forge-arcane, où les sources de chaleur sont toutes énergétiques. Fondu par un maître mage, il est longuement imprégné d’énergie, puis réassemblé dans un moule fait de glace à très basse température. On l’y plonge seulement une minute puis on le ressort pour achever son polissage. Il a une couleur pâle, parfois un peu bleutée, et on peut éventuellement le teindre si la personne le demande. Il peut être mat ou brillant, mais montre toujours des nuances et des ondoiements.",0,0,Alliage métalique,Armes,,
21,18,68,53,12,NULL,NULL,65,NULL,NULL,Ventaës,0,"Un alliage d'acier, de mithril et d’adamantine, dans lequel a été insufflée l'essence du vent, prélevée par une infusion de cristal de magie pendant une semaine. On place le métal en fusion dans un moule spécifiquement préparé, puis on place le cristal de magie au-dessus de ce moule et on l’alimente en énergie afin qu’il diffuse sa force à l’intérieur de l’alliage. Celui-ci prend une teinte vert cristal une fois achevé.",0,0,Alliage métalique,Armes,,
22,18,16,6,8,75,NULL,NULL,NULL,NULL,Vernis bleu,0,"Fait avec de la poudre d'aigue-marine et du mithril. La technique nécessaire pour ce vernis est particulièrement délicate, et il faut doser le plus justement possible les ingrédients, car chaque surplus peut valoir cher. Il est apposé en deux couches. La première, et la plus délicate, est faite en une fois sans arrêt tout le long de l’arme, très lentement. La seconde est faite par feuilletages successifs. Le résultat est une surface aux reflets bleus et argents.",0,0,Alliage métalique,Armes,,
23,53,6,NULL,NULL,103,138,NULL,NULL,NULL,Gravure : Oiseau de tonnerre,0,"A l’aide d’un outil magique, on grave la surface du support en creusant la forme d’un oiseau stylisé puis, une fois la forme définie, elle est remplie avec un mélange de palladium, de mithril et de zircon. On aide le mélange à remplir la forme grâce à un soufflet, en raison des détails très poussés de la gravure, puis on laisse reposer pendant deux jours. Une fois que l’alliage a durci, on le lustre et on le protège d’un vernis pour achever l’ensemble.",0,0,Alliage métalique,Armes,,
24,18,6,22,53,106,NULL,NULL,NULL,NULL,Vernis blanc,0,"Fait avec de la poudre d'argent, de la rysine et de l’adamantine. La technique nécessaire pour ce vernis est particulièrement délicate, et il faut doser le plus justement possible les ingrédients, car chaque surplus peut valoir cher. On passe une première couche en coups de pinceaux, puis on passe une seconde couche plus unie et droite, pour recouvrir la première. Lorsqu’elles ont séché à l’air libre, on vient reprendre une troisième fois sur les zones faibles.",0,0,Alliage métalique,Armes,,
25,18,6,22,53,107,NULL,NULL,NULL,NULL,Vernis jaune,0,"Fait avec de la poudre de cornaline et du vrai-argent. La technique nécessaire pour ce vernis est particulièrement délicate, et il faut doser le plus justement possible les ingrédients, car chaque surplus peut valoir cher. On trempe l’objet dans une cuve de cet alliage et on le laisse ensuite reposer au-dessus de la cuve, exposé à une forte source de lumière, pendant environ une semaine.",0,0,Alliage métalique,Armes,,
26,18,6,22,53,109,NULL,NULL,NULL,NULL,Vernis noir,0,"Fait avec de la poudre de diamant noir et de l’adamantine. La technique nécessaire pour ce vernis est particulièrement délicate, et il faut doser le plus justement possible les ingrédients, car chaque surplus peut valoir cher. On applique la première couche par une diffusion au soufflet, puis une seconde couche au pinceau, en feuilletage, avant de laisser reposer dans un lieu froid afin de saisir l’alliage sans qu’il ne s’évente.",0,0,Alliage métalique,Armes,,
27,18,6,22,53,110,NULL,NULL,NULL,NULL,Vernis rouge,0,"Fait avec de la poudre de rubis et du palladium. La technique nécessaire pour ce vernis est particulièrement délicate, et il faut doser le plus justement possible les ingrédients, car chaque surplus peut valoir cher. On applique une seule couche, la plus égale possible, puis on laisse reposer pendant une journée dans un environnement chaud et sec.",0,0,Alliage métalique,Armes,,
28,18,6,22,53,108,NULL,NULL,NULL,NULL,Vernis violet,0,"Fait avec de la poudre de sardonyx et du mithril. La technique nécessaire pour ce vernis est particulièrement délicate, et il faut doser le plus justement possible les ingrédients, car chaque surplus peut valoir cher. On applique une première couche en enroulant l’objet dans une compresse imbibée du vernis, puis on laisse reposer pendant une journée. Lorsque la couche est sèche on en passe une seconde au pinceau et une troisième par projection via un soufflet.",0,0,Alliage métalique,Armes,,
29,22,53,12,NULL,143,NULL,19,3,NULL,Vitrail étrange,0,"Il ne s'agit pas d'un travail de métal pur, mais d'un alliage construit autour du verre, et plus précisément des vitraux. L'arme est donc complètement reconstruite, en un vitrail unique à chaque fois, et dont la structure est faite d'un mélange de mithril et de tourmaline. Le résultat est absolument époustouflant et très prisé dans les hautes sociétés.",0,0,Alliage métalique,Armes,,
30,22,53,12,NULL,144,NULL,19,3,NULL,Vitrail ternis,0,"Il ne s'agit pas d'un travail de métal pur, mais d’un assemblage de verre et plus précisément des vitraux. L'arme est donc complètement reconstruite, en un vitrail unique à chaque fois, et dont la structure est faite d'un mélange de vrai-argent et d’obsidienne. Le résultat est absolument époustouflant et très prisé dans les hautes sociétés.",0,0,Alliage métalique,Armes,,
31,18,12,38,NULL,142,NULL,43,135,NULL,Lunalith,0,"Alliage fait d’orichalque, de nacre, de poudre de diamant et de cristal de magie. L’alliage est d’abord constitué d’orichalque et de nacre. On le place dans un socle de forge-arcane et on l’infuse avec la puissance des cristaux de magie pendant un mois. La poudre de diamant est placée comme laque sur l’arme. Lorsque cela est fait, un maître-mage s’occupe d’infuser l’alliage avec le sang du porteur, afin de sceller l’union de la personne et de l’objet. L'arme est entourée de lumière et porte des stries délicates.",0,0,Alliage métalique,Armes,,
32,18,12,39,NULL,142,NULL,42,135,NULL,Umbralith,0,"Alliage fait d’orichalque, d’obsidienne, de poudre de diamant et gemme de sang. L’alliage est d’abord constitué d’orichalque et d’obsidienne. On le place dans un socle de forge-arcane et on l’infuse avec la puissance des gemmes de sang pendant un mois. La poudre de diamant est placée comme laque sur l’arme. Lorsque cela est fait, un maître-mage s’occupe d’infuser l’alliage avec le sang du porteur, afin de sceller l’union de la personne et de l’objet. L’objet est entouré d'ombres et porte un halo de lumière sinistre.",0,0,Alliage métalique,Armes,,
33,31,NULL,NULL,NULL,85,NULL,19,NULL,NULL,Orale,0,"Contient du palladium, des artefacts draconiques, et de l’orichalque. Cet alliage ne peut être créé que dans une forge-arcane, en faisant fondre les matériaux par magie pour les fusionner, puis en faisant tremper l’extérieur dans une solution très riche en énergie, proche du zéro absolu. Le coeur de l’objet reste néanmoins en fusion constante, ce qui lui donne un aspect rouge-orangé vibrant et le garde chaud en permanence.",0,0,Alliage métalique,Bijoux,,
34,NULL,NULL,NULL,NULL,88,NULL,NULL,NULL,NULL,Sceau d'hématite,0,"On creuse le support grâce à une aiguille d’énergie pure, d’une taille pré-sélectionnée en fonction de la résistance du support, pour dessiner le tracé du sceau. Une fois ce travail effectué, les sillons sont remplis d’un alliage fait d’hématite, de granit et d’adamantine, qui est laissé à reposer pendant trois jours, avant d’être poli et protégé par une couche de vernis neutre. Il n’est pas très beau à voir, souvent sombre et terne.",0,0,Alliage métalique,Tout objet,,
35,18,NULL,NULL,NULL,162,NULL,NULL,NULL,NULL,Acier-Monde,0,"Alliage de lathium, d’orhium et d’orichalque, on place le métal fondu dans un moule fait de carapace de vers des glace ou de karapt, pendant qu’il est infusé avec la puissance de divers Esprits-Liés (scarabée, salamandre, léopard des neiges, etc). On le refroidit dans les eaux de lac ‘sanctifiées’ afin de le garder très pur. Le métal possède une apparence ondoyante faite de plusieurs couches, avec un lustre profond et des reflets colorés. Il est en général gravé par la suite.",0,0,Alliage métalique,Tout objet,,
36,18,NULL,NULL,NULL,128,NULL,NULL,NULL,NULL,Fer-Gardien,0,"Alliage d’esperite combiné avec une fine poudre de pierres des esprits. Le rituel de la fonte est très complexe et nécessite une forge-esprit et plusieurs moules très fins. Il faut entre une et trois semaines pour une fonte satisfaisante de l’alliage. Lorsqu’il est achevé, le métal adopte une irisation verte, dont l’intensité dépend du temps de fabrication. Le métal apparaît posséder des ondoiements très esthétiques.",0,0,Alliage métalique,Tout objet,,
37,18,12,NULL,NULL,98,NULL,NULL,NULL,NULL,Telluria,0,"Alliage de lathium et de fer que l’on forge à haute température pendant plusieurs jours. On lui donne la forme générale que l’on désire, puis on laisse durcir à l’air libre, avant de poncer pour affiner. On utilise pour cela des pierres des esprits de Tiamat. Il faut deux semaines pour obtenir un résultat satisfaisant. Une fois qu’il est obtenu, on le vernit généralement pour une meilleure finition.",0,0,Alliage métalique,Tout objet,,
38,8,6,16,NULL,126,NULL,23,NULL,NULL,Incrustation de cristaux noirs,0,"Après la perte des pouvoirs du verre noir, les ingénieurs almaréens se sont donné pour objectif de recréer des effets similaires à celui-ci, en combinant différents minerais dans des alliages. Ils utilisent des métaux peu conducteurs de la magie, tel que l'iridium, mais ont également étudié des reliques et vestiges laissés par les chimères, les dernières à avoir manipulé l'énergie du Néant. Le fruit de leurs dernières recherches est d'avoir réussi à cristalliser une essence suffisamment réfractaire à la magie pour la repousser. Néanmoins, le caractère récent, et non trouvable directement dans la nature, de cette création chimique ne leur permet pas d'en avoir beaucoup. Cet alliage est donc très rare, autant que cher, et est en général utilisé pour de petites incrustations dans des armes, armures ou bijoux. De plus, cette découverte n'étant qu'à ses balbutiements, les effets actuels sont encore loin de ce que fut le regretté verre noir.",0,0,Alliage métalique,Tout objet,,
39,8,31,NULL,NULL,157,NULL,NULL,NULL,NULL,Gravure : Sceau sanglant,0,"On creuse le support grâce à une aiguille bénie par l’Esprit-Lié Scarabée, d’une taille pré-sélectionnée en fonction de la résistance du support, pour dessiner le tracé du sceau. Une fois ce travail effectué, les sillons sont remplis d’un alliage fait de sève, de pierre des esprits et de lathium, qui est laissé à reposer pendant trois jours avant d’être poli et protégé par une couche de vernis animal. Il est parfois sublimé d’un peu de nacre, mais cela ne lui apporte rien de plus.",0,0,Alliage métalique,Tout objet,,
40,53,6,16,NULL,133,NULL,NULL,NULL,NULL,Vernis nacré,0,"Fait avec de la poudre de nacre et de l’orichalque. La technique nécessaire pour ce vernis est particulièrement délicate, et il faut doser le plus justement possible les ingrédients, car chaque surplus peut valoir cher. On applique une première couche en enroulant l’objet dans une compresse imbibée du vernis, puis on laisse reposer pendant une journée. Lorsque la couche est sèche, on en passe une seconde au pinceau et une troisième par projection via une flûte.",0,0,Alliage métalique,Tout objet,,
41,18,16,36,53,NULL,NULL,NULL,NULL,NULL,Aren,0,"Alliage d’ilith et de vrai-argent, auquel on a incorporé de la poudre de tourmaline. On le forge à haute température, par très courtes périodes, et selon un procédé de damasquinage complexe. Une fois l’objet formé, il est trempé magiquement et infusé avec de l’énergie, avant de recevoir son implant de tourmaline emplie de magie. De couleur bleutée, dont la nuance peut être choisie en fonction du forgeage et de la nuance de température.",0,0,Alliage métalique,Tout objet,,
42,6,53,22,NULL,112,NULL,NULL,NULL,NULL,Extase draconique,0,"Alliage fait d’artefacts de dragon, d’orichalque, de vrai-argent et d’un peu d’ilith, il nécessite une forge-arcane pour être constitué. Un grand-maître mage infuse l’alliage avec de l’énergie pendant une période d’un mois sans arrêt. La trempe s’effectue également par magie. Le métal reçoit sa forme générale à partir d’un moule, puis est ensuite retravaillé pour être affiné. Lorsqu’il est achevé, il possède un lustre miroitant, à la couleur indéfinissable, tantôt irisée tantôt chatoyante.",0,0,Alliage métalique,Tout objet,,
43,53,22,31,NULL,103,99,19,3,NULL,Gravure : Chiroptère irisée,0,"Le support est creusé à l’image d’un animal, puis la forme est remplie par un alliage d’écailles de sitaara, d’ilith et de palladium. Il faut beaucoup de temps pour cette réalisation en raison des détails exquis, qui peuvent demander jusqu’à un mois de travail discontinu. On peut l'appliquer sur n'importe quelle surface, la gravure s’adaptant relativement aisément à son support. 
Le Compagnon immatériel est un Chiroptère / Le bouclier est de couleur irisée.",0,0,Alliage métalique,Tout objet,,
44,53,22,31,NULL,103,99,19,3,NULL,Gravure : Ecureuil ambré,0,"Le support est creusé à l’image d’un animal, puis la forme est remplie par un alliage d’écailles de sitaara, d’ilith et de palladium. Il faut beaucoup de temps pour cette réalisation en raison des détails exquis, qui peuvent demander jusqu’à un mois de travail discontinu. On peut l'appliquer sur n'importe quelle surface, la gravure s’adaptant relativement aisément à son support. 
Le Compagnon immatériel est un Ecureil / Le bouclier est de la couleur de l'ambre.",0,0,Alliage métalique,Tout objet,,
45,53,22,31,NULL,103,99,19,3,NULL,Gravure : Oiseau argenté,0,"Le support est creusé à l’image d’un animal, puis la forme est remplie par un alliage d’écailles de sitaara, d’ilith et de palladium. Il faut beaucoup de temps pour cette réalisation en raison des détails exquis, qui peuvent demander jusqu’à un mois de travail discontinu. On peut l'appliquer sur n'importe quelle surface, la gravure s’adaptant relativement aisément à son support. 
Le Compagnon immatériel est un Oiseau / Le bouclier est de la couleur de l'argent.",0,0,Alliage métalique,Tout objet,,
46,53,22,31,NULL,103,99,19,3,NULL,Gravure : Phalène dorée,0,"Le support est creusé à l’image d’un animal, puis la forme est remplie par un alliage d’écailles de sitaara, d’ilith et de palladium. Il faut beaucoup de temps pour cette réalisation en raison des détails exquis, qui peuvent demander jusqu’à un mois de travail discontinu. On peut l'appliquer sur n'importe quelle surface, la gravure s’adaptant relativement aisément à son support. 
Le Compagnon immatériel est une Phalène / Le bouclier est de couleur dorée.",0,0,Alliage métalique,Tout objet,,
47,53,22,31,NULL,103,99,19,3,NULL,Gravure : Serpent obscure,0,"Le support est creusé à l’image d’un animal, puis la forme est remplie par un alliage d’écailles de sitaara, d’ilith et de palladium. Il faut beaucoup de temps pour cette réalisation en raison des détails exquis, qui peuvent demander jusqu’à un mois de travail discontinu. On peut l'appliquer sur n'importe quelle surface, la gravure s’adaptant relativement aisément à son support. 
Le Compagnon immatériel est un Serpent / Le bouclier est de couleur sombre.",0,0,Alliage métalique,Tout objet,,
48,53,22,31,NULL,94,NULL,166,NULL,NULL,Gravure : Sceau d’Ambre,0,"On creuse le support grâce à une aiguille d’énergie pure, d’une taille pré-sélectionnée en fonction de la résistance du support, pour dessiner le tracé du sceau. Une fois ce travail effectué, les sillons sont remplis d’un alliage fait d’or, d’ambre, d’ilith et de mithril, qui est laissé à reposer pendant trois jours avant d’être poli et protégé par une couche de vernis neutre. Il est parfois sublimé d’une feuille d’or, mais cela ne lui apporte rien de plus.",0,0,Alliage métalique,Tout objet,,
49,53,22,31,NULL,137,NULL,166,NULL,NULL,Gravure : Sceau d’améthyste,0,"On creuse le support grâce à une aiguille d’énergie pure, d’une taille pré-sélectionnée en fonction de la résistance du support, pour dessiner le tracé du sceau. Une fois ce travail effectué, les sillons sont remplis d’un alliage fait d’argent, d’améthyste et de mithril, qui est laissé à reposer pendant trois jours avant d’être poli et protégé par une couche de vernis neutre. Il est parfois sublimé d’une feuille d’argent, mais cela ne lui apporte rien de plus.",0,0,Alliage métalique,Tout objet,,
50,167,168,NULL,NULL,161,111,NULL,NULL,NULL,Ast’Exaltation,0,"Alliage d’iridium, de mithril et d’argent, incrusté d’une fine poudre de pierres des zircon et saphir, et d’une poudre d’écailles de Lyg-Eiliant. Le rituel de la fonte est très complexe et nécessite une forge-arcane ainsi que pas moins de trois semaines pour une fonte dans les règles de l’art. Une fois achevé, l’alliage adopte une irisation bleutée aux discrets reflets sombres, zébrant toute la surface en de délicates arabesques évoquant d’anciennes runes d’un temps oublié.",0,0,Alliage métalique,Tout objet,,
51,18,16,NULL,NULL,154,73,13,NULL,NULL,Givranium,0,"Alliage constitué de maillechort et de givralite (""minerai"" trouvable dans les plus profondes galeries de vers des glaces). Fondu à très haute température par des spirites Salamandre, puis refroidi à très basse température par des spirites Léopard des neiges, cet alliage est très complexe à obtenir, l'équilibre parfait pour ne pas détruire l'ouvrage à cause du choc thermique étant très difficile à maîtriser. Du fait de la rareté des ingrédients et de la complexité de la technique de forge, seuls les meilleurs Scarabées de la Légion Vat'Em'Medonis sont capables de travailler cet alliage. D'une couleur bleu argenté, le métal semble être constitué de glace, tant par sa couleur que par la température qui s'en dégage. Étrangement, il suffit de tremper l'alliage dans de l'eau pour restaurer l'objet qui en est composé.",0,0,Alliage métalique,Tout objet,,
52,18,16,NULL,NULL,155,72,13,NULL,NULL,Volcanium,0,"Alliage constitué de maillechort et de “volcanite” (minerai très rare trouvable dans de rares bombes volcaniques projetées sur Néthéril). Fondu à très haute température par des spirites Salamandre, puis refroidi à très basse température par des spirites Léopard des neiges, cet alliage est très complexe à obtenir, l'équilibre parfait pour ne pas détruire l'ouvrage à cause du choc thermique étant très difficile à maîtriser. Du fait de la rareté des ingrédients et de la complexité de la technique de forge, seuls les meilleurs spirite du Scarabée de la Légion Vat'Aan'Ruda sont capables de travailler cet alliage. De la même couleur que la lave en fusion, le métal est chaud au toucher et présente des aspérités similaires aux roches dont il est issu. Étrangement, il suffit de plonger l'alliage dans une flamme pour restaurer l'objet qui en est composé.",0,0,Alliage métalique,Tout objet,,
53,18,6,NULL,NULL,NULL,NULL,23,NULL,NULL,Pyrium,0,"Un travail de bois de palissandre et d'acier. D’une nature résistante, le bois ne s’altère que très difficilement et le métal traité ne rouille pas, le tout sans avoir besoin d'un traitement magique. De par ses matériaux, cet alliage est couramment utilisé dans les armées pour son accessibilité en prix.",0,0,Essence de bois & laque,Armes,,
54,16,6,14,NULL,NULL,NULL,NULL,NULL,NULL,Koria,0,"Un travail de bois d’if et de thorium, qui rend l'arme imputrescible et résistante aux sortilèges. La souplesse de l’if permet aussi d’augmenter sa portée sans nécessiter une force particulière pour l’utiliser.",0,0,Essence de bois & laque,Armes de trait,,
55,18,171,NULL,NULL,NULL,NULL,NULL,NULL,NULL,Tolva,0,"Travail du bois de chêne avec de l’argent sombre. Déjà dur de nature, le chêne a besoin d’être travaillé un long moment avant que toute pièce de métal ne lui soit apposée, au risque de faire craquer la fibre et de rendre l’arme inutilisable. Les armes gagnent en résistance et en équilibre.",0,0,Essence de bois & laque,Armes de trait,,
56,22,38,NULL,NULL,NULL,NULL,43,44,45,Elementine,0,"Un travail de bois de rose enduit d’essence de fleurs élémentaires. Excellent catalyseur magique, on l’utilise principalement pour des armes de soutien magique. Une fois traitée, cette dernière n’admet que des glyphes élémentaires, mais la restriction se compense par une efficacité accrue desdits glyphes.",0,0,Essence de bois & laque,Armes,,
57,16,70,60,NULL,NULL,NULL,23,15,169,Telia,0,"Précision : Arc uniquement
Un travail de bois de rose et d’iridium. Le bois n’a plus aucune propriété de catalyseur, mais est très résistant et surtout condense excessivement bien la tension lorsqu’on le tord. Pour cette raison, il est utilisé dans la confection d’arcs courts d’excellentes factures qui, dès lors, nécessitent une certaine force pour être maniés. Toutefois, les flèches décochées possèdent plus de puissance, malgré une allonge réduite, ce qui peut rester un avantage lors de manœuvres rapprochées et complexes.",0,0,Essence de bois & laque,Armes de trait,,
58,6,14,70,171,NULL,NULL,23,13,169,Bois Mengish,0,"Alliage favorisé pour les arcs, il s’adapte néanmoins aux arbalètes et autres armes de bois nécessitant une forte tension. Fait d’un assemblage complexe de tendons issus d’animaux sauvages et de bois de Mélèze, les composants sont traités une première fois dans de la cire, puis séchés, durcis et martelés pour en tirer de très fines fibres. Celles-ci sont ensuite roulées dans de la poudre de cobalt, avant d’être plongées dans de la colle chauffée et d’être compactées en une pâte dont on peut enduire l’arme. Une fois renforcé par cet alliage, le bois de l’arme obtient une iridescence bleutée et l’arme peut emmagasiner une puissance de tir remarquable, ainsi qu’une résistance accrue pour la magie, avec une nouvelle portée de 400 mètres. Toutefois, il est nécessaire d’avoir la force appropriée pour pouvoir la manier.",0,0,Essence de bois & laque,Armes de trait,,
59,29,70,171,60,NULL,NULL,23,169,170,Alliage Antor,0,"Savant alliage d’acier et de bois de Mélèze pour la majeure partie, il se compose d’autres éléments selon les parties de l’arme. Ainsi du thorium se retrouve gravé sur les demi-cercles dans l’arc de tension et du laiton s’utilise pour les mécanismes ou les bagues d’accroche de la corde. De fines lamelles en bois d’If sont ajoutées sur les zones de grande tension pour plus de support. Dans l’ensemble, l’alliage offre un bon compromis entre le poids ajouté à l’arme et la puissance de son tir : une flèche peut atteindre une vitesse de 300 kilomètres/heure et perforer de loin une armure de plaques. La force dans la tension, ainsi que la maniabilité du mécanisme, selon l’arme sur laquelle l’alliage est appliqué, nécessitent toutes deux une certaine maîtrise.",0,0,Essence de bois & laque,Armes de trait,,
60,16,66,NULL,NULL,123,NULL,NULL,NULL,NULL,Bois des marais maudit,0,"Cette essence de bois est très particulière et s’obtient après un processus complexe et particulièrement cruel. Le bois utilisé provient de l’excroissance de la colonne dorsale des Ent vivant dans le marécage d’Athvamys. Toutefois, avant de le récolter, l’animal doit être tué, et pas de n’importe quelle manière. Il est tué à l’aide d’un feu follet qui doit aspirer entièrement la vie de l’Ent. Une fois le lézard décédé, le bois est prélevé et travaillé. Après quoi, le feu follet utilisé est également tué, afin d’imprégner le bois de son pouvoir et de la vie dont il avait été privé. Lors de cette opération, des veinules bleutées apparaissent sur la surface du bois et il en émane une aura bien lugubre.",0,0,Essence de bois & laque,Armes,,
61,57,22,NULL,NULL,78,93,NULL,NULL,NULL,Incrustation : Sceau de l’anonyme,0,"Un sceau constitué d’un morceau d’ivoire noir sculpté selon une très ancienne prière vampirique à une figure folklorique appelée l’Anonyme. Cette prière est entièrement faite dans un mélange d’elfique antique et de commun, le rituel entier formant un rond s’étrécissant sur lui-même vers l’intérieur. Une sculpture en os blanchi s’emboîte dans la sculpture en ivoire, pour la compléter. L’ensemble est placé sur un objet et lié à celui-ci par des rivets délicats constitués de cristaux de magie taillés. Une fine laque de pierres des esprits est appliquée sur la face visible de l’incrustation afin de la protéger et de compléter son pouvoir.",0,0,Essence de bois & laque,Tout objet,,
62,18,22,31,NULL,NULL,NULL,NULL,NULL,NULL,Obsidium,0,"Précision : pour Arme contondante, Arme d’hast
Travail du bois d’ébène avec de l’obsidienne. De couleur sombre, le bois est trempé dans une eau infusée de magie et d’obsidiennes concassées en poudres et petites échardes. Une fois séché, poncé et protégé d’une laque, l’ébène obtient de sombres veinules luisantes. L’alliage nécessite une grande portion de bois pour faire effet, mais cela lui octroie une facilité dans le maniement de la magie.",0,0,Essence de bois & laque,Toute arme sauf armes de traits,,
63,40,22,NULL,NULL,125,127,NULL,NULL,NULL,Käducë,0,"Précision : pour tout objet pouvant toucher le sol
Alliage constitué d’un mélange de bois d’if renforcé d’arabesques d’argent formant comme deux serpents entrelacés. De couleur claire, le bois est trempé dans une eau infusée de magie et de pierres d’opale concassées en poudres parsemés tout le long du bois juste après son trempage. Une fois séché, poncé et protégé d’une laque, l’if obtient des veinules plus lumineuses soutenant les serpents d’argent.",0,0,Essence de bois & laque,Tout objet,,
64,53,NULL,NULL,NULL,98,133,56,47,NULL,Rabar,0,"Alliage tiré d’une substance translucide extraite d’arbres et de champignons, il est infusé par de nombreux pigments minéraux pour obtenir des couleurs vibrantes, parfois même irisées ou nacrées. Associé au bois ou à l’os des accessoires, il permet de créer de magnifiques motifs et de figer certains éléments (éclats d’ossements, plumes, fleurs) dans les sections laissées transparentes. Purement dédié à attirer l’attention des Esprits-Liés, l’alliage possède des propriétés phosphorescentes qui n’enlèvent rien à sa beauté même dans l’obscurité.",0,0,Essence de bois & laque,Tout objet sauf arme,,
65,6,18,8,NULL,NULL,NULL,NULL,NULL,NULL,Nymiastal,0,"Il s’agit d’un alliage très difficile à réaliser, prenant de longues heures de travail et confectionné avec des matériaux provenant de créatures rares. Sa création nécessite l’utilisation de fourrure de Fenrisúlf, de la peau de ver des glaces et du cuir de rhinocéros laineux. Il sera ensuite recouvert d’un vernis spécial destiné à renforcer sa résistance. Généralement réservé aux Aaleeshaans et aux Graärh les plus valeureux, l’alliage est teint et orné de splendides motifs tribaux et typiquement Graärh. Cet alliage offre une très grande résistance, car il est quasiment impossible à percer. Sa légèreté permet de ne pas gêner les mouvements.",0,0,Tissu & cuir,Armures,,
66,18,33,6,NULL,NULL,NULL,NULL,NULL,NULL,Chitine des glaces,0,"On place des morceaux de chitine de vers des glaces sur des lamelles de cuir, auxquelles ils sont rivés par des clous faits d’orhium. Ces lamelles sont ensuite elles-mêmes fixées sur une armure. Les morceaux de chitine sont poncés et parfois vernis et ils peuvent être teints ou non selon la volonté du porteur. On place dans tous les cas les plaques de façon à ce qu’elles ne crissent pas les unes contre les autres, ce qui risquerait de les abimer.",0,0,Tissu & cuir,Armures,,
67,22,NULL,NULL,NULL,117,NULL,54,NULL,NULL,Tisse-miroir,0,"Tissé à partir de soie, de lin ou de coton, ainsi que de fibres minérales, souvent de l'argent, qui sont alors imbibées d'extraits de cristaux élémentaires. Ces fibres sont si délicates qu'elles ne provoquent aucun inconfort à celui qui porte la pièce ainsi créée. Il faut du temps pour parvenir à créer un tisse-miroir fonctionnel, mais le soin que l'on met à le tisser compense largement.",0,0,Tissu & cuir,Armures,Vêtements,
68,18,NULL,NULL,NULL,96,97,54,56,NULL,Bestias,0,"Cuir à l’esthétique désastreuse, fabriqué à partir de cuir végétal prélevé sur des tendriculaires et de chitine prélevée sur des mille-pattes géants du marais de Néthéril. Le tout est traité à l’aide d’un cirage fait de bile de vaseux. De facture pirate, créé afin de mieux contrer le faune hostile du marais, son objectif n’est ni la beauté, ni la discrétion, mais de réduire au maximum les morts résultant d’attaque de créatures.",0,0,Tissu & cuir,Armures,Vêtements,
69,18,6,NULL,NULL,145,84,NULL,NULL,NULL,Étoffe de voracité,0,"La fibre de cette étoffe est tressée magiquement dans un laboratoire conjoint entre forge-arcane et alchimie. Elle est constituée d’une fibre végétale récoltée dans les marais d’Athvamy et d’une fibre constituée de peau humaine traitée avec une solution d’artefacts de dragons. A la fin de chaque brin de fibre, on traite avec une laque de gemmes de sang et ont laisse sécher. Lorsque l’étoffe est complétée, elle repose dans une solution alchimique nourricière, changée toutes les semaines pendant un mois, avant d’être séchée. Elle prend une teinte noire, rouille ou proche. Les finitions des pans de cette étoffe sont faites à partir de poils de Graärh ou de smilodon. Lorsqu’un acheteur décide d’acquérir un objet constitué de cette étoffe, le fabricant ajoute alors un carré de peau de l’acheteur, cousu au centre de l’objet, qui est alors fusionné et rattaché à la chair dont la fibre est constituée. Il arrive alors qu’elle prenne des spécificités dermiques de l’acheteur, mais ce n’est pas obligatoire.",0,0,Tissu & cuir,Armures,Vêtements,
70,16,6,NULL,NULL,158,NULL,54,NULL,NULL,Asveekrt - le Rejeté,0,"Le cuir est tout d’abord préparé avec un traitement d’huile enrichissante et sacrée, constituée de plantes et d’une fine poudre de pierres des esprits. Sur la surface est ensuite cousue le scalpe d’un humain tué par la tribu, en utilisant un fil en ivoire de narval créé sur mesure par un spirite du scarabée. Chaque point de couture porte une minuscule bille de bois de licorok qui a été trempée dans une rune fondue. Lorsque la couture du scalpe est effectuée, on place l’ensemble dans une pièce fermée afin de laisser sécher et durcir, puis on traite le scalpe avec un seconde solution afin d’empêcher la détérioration. L’ultime étape est une gravure de prière aux Esprit-Liés sur le cuir ainsi perfectionné, pour charger l’objet de puissance.",0,0,Tissu & cuir,Armures,Vêtements,
71,16,6,NULL,NULL,148,NULL,54,NULL,NULL,Shaapit - le Damné,0,"Le cuir est tout d’abord préparé avec un traitement d’huile enrichissante et sacrée, constituée de plantes et d’une fine poudre de pierres des esprits. Sur la surface est ensuite cousue le scalpe d’un elfe tué par la tribu, en utilisant un fil en ivoire de baleine créé sur mesure par un spirite du scarabée. Chaque point de couture porte une minuscule bille d'ambre qui a été trempée dans un cristal élémentaire fondu. Lorsque la couture du scalpe est effectuée, on place l’ensemble dans une pièce fermée afin de laisser sécher et durcir, puis on traite le scalpe avec un seconde solution afin d’empêcher la détérioration. L’ultime étape est une gravure de prière aux Esprit-Liés sur le cuir ainsi perfectionné, pour charger l’objet de puissance.",0,0,Tissu & cuir,Armures,Vêtements,
72,16,6,NULL,NULL,160,NULL,54,NULL,NULL,Shapath - le Serment,0,"Le cuir est tout d’abord préparé avec un traitement d’huile enrichissante et sacrée, constituée de plantes et d’une fine poudre de pierres des esprits. Sur la surface est ensuite cousue le scalpe d’un vampire tué par la tribu, en utilisant un fil en ivoire d'hippopotame créé sur mesure par un spirite du scarabée. Chaque point de couture porte une minuscule perle qui a été trempée dans une gemme de sang fondue. Lorsque la couture du scalpe est effectuée, on place l’ensemble dans une pièce fermée afin de laisser sécher et durcir, puis on traite le scalpe avec un seconde solution afin d’empêcher la détérioration. L’ultime étape est une gravure de prière aux Esprit-Liés sur le cuir ainsi perfectionné, pour charger l’objet de puissance.",0,0,Tissu & cuir,Armures,Vêtements,
73,8,NULL,NULL,NULL,136,74,19,NULL,NULL,Nocturne,0,"Étoffe mêlant du tissu imprégné d’ombre et du tissu imprégné de lumière, ainsi que, à ce qu’il paraît, de la fourrure de Graärh. Tissage complexe, car il demande de filer en harmonie deux types de tissus contraires, afin d’en obtenir le meilleur effet. Peu réputée pour sa solidité, cette étoffe compose cependant la majorité des uniformes des voleurs et assassins de la Confrérie des pirates.",0,0,Tissu & cuir,Armures,Vêtements,
74,5,NULL,NULL,NULL,76,NULL,56,NULL,NULL,Sitaarcite,0,"Un alliage d'écailles de Sitaara, cousues fermement entre elles par des poils de rhinocéros laineux. L'ensemble demande beaucoup de ressources et de temps. Exposé une journée en plein soleil, cet alliage argenté permet par la suite aux Graärh de nager sous les eaux glaciales de Nyn-Tiamat sans souffrir du froid.",0,0,Tissu & cuir,Vêtements,,
75,18,NULL,NULL,NULL,113,NULL,NULL,NULL,NULL,Tissu d'hypocondrie,0,"Plébiscité par les escrocs, le tissu d'hypocondrie est à l'origine une invention du monde du spectacle. Pour les besoins de chorégraphies de combats, les comédiens l'utilisaient pour accentuer le réalisme des prestations. Ainsi, leurs vêtements étaient tissés et renforcés avec des fibres naturelles et de métaux, souvent du cuivre ou du zinc, qu'on imbibait dans de l'huile d'argan. Cette huile, créée par sérendipité par le guérisseur Argan de Maurose alors qu'il cherchait la recette d'un cataplasme pour colmater des hémorragies, possédait en effet l'étrange faculté d'être parfaitement incolore une fois sèche, et de produire une impressionnante quantité de liquide rougeâtre semblable à du sang une fois entaillée. De nos jours, le procédé s'est répandu un peu partout, toujours dans le monde du spectacle, mais aussi chez les bourgeois, la noblesse, les scélérats et même les guerriers. A noter que l’huile est végane, étant composée intégralement de produits végétaux.",0,0,Tissu & cuir,Vêtements,,
76,6,18,NULL,NULL,153,156,NULL,NULL,NULL,La doublure,0,"Précision : Vêtement (pouvant avoir des poches)
Le travail est toujours délicat, lorsqu'on veut une bonne doublure à ses vêtements. Celle-ci est particulièrement soignée. D'une teinte accordée avec le vêtement, elle peut être ténébreuse ou iridescente, sobre ou flamboyante, mais elle est toujours faire à partir d'un coton de soie, fin et résistant, dans lequel on a incrusté des runes concassées. Cousue avec soin, elle dispose d'une poche intérieure très appréciée des voleurs ou de ceux qui aiment garder certains objets près d'eux.",0,0,Tissu & cuir,Vêtements,,
77,6,53,NULL,NULL,114,NULL,NULL,NULL,NULL,Voile de l'éveillé,0,"Tissu très léger et transparent fait de fils de soie affinés pour donner, au toucher, la sensation de la caresse de l'eau. Le tissage ne peut être fait qu'à la main et demande près d'un mois de fabrication assidue, ce qui le rend particulièrement rare. Le teindre est tout aussi délicat et demande une dextérité rarement trouvée. Le voile est ensuite enchanté pour me pas se déchirer aisément et le préserver dans le temps.",0,0,Tissu & cuir,Vêtements,,
78,33,6,NULL,NULL,102,NULL,NULL,NULL,NULL,Peau lainée,0,"Alliage non magique. Cuir de mouton ou d'agneau dont on a conservé la partie pileuse comme fourrure – doublure. La face intérieure naturelle est proposée à l'extérieur. Soyeuse et moelleuse, c'est une parure chaude dont on double les habits d'hivers, les capes, les manteaux et les bottes. Le tissu est parfumé aux graines de lavande qu'on remplace une fois par an, pour chasser l'odeur de bouc fort peu élégante.",0,0,Tissu & cuir,Vêtements,,
79,6,18,NULL,NULL,89,95,NULL,NULL,NULL,Le Poing de l’Empereur,0,"Précision : pour Gants principalement
Il est dit que cet alliage est de la fabrication des forgerons séléniens les plus forts, ceux qui sont choisis pour armer la garde rapprochée de la Couronne. La légende veut qu’ils battent des plaques de vif-argent à mains nues, avant de les travailler pour le fixer à des gants. Cette technique, créée il y a fort longtemps, porte le nom de “Poing de l’Empereur”, en hommage à une légende sélénienne voulant qu’un jour, un empereur agacé par une situation au sein de sa Cour, aurait fait taire un conflit d’un seul coup de poing sur une table. Depuis, la légende a pris vie dans de nombreuses histoires, et surtout dans certaines unités de la garde rapprochée de la Couronne, spécialisée dans le combat à mains nues.",0,0,Tissu & cuir,Vêtements,,
80,48,51,NULL,NULL,138,NULL,3,NULL,NULL,Tannage avancé,0,"Précision : Tout objet (Vêtements, Bottes, Accessoires surtout)
Alliage non magique. Il s'agit d'une méthode de finition qui assouplit la peau et lui confère un aspect finement texturé ou veiné. Il est obtenu en battant et brassant les peaux dans tous les sens dans un foulon (moulin hydraulique aménagé). Des lors, ce cuir n'est fabriqué que dans un seul atelier, à Calastin, là où l'eau quitte le lac d’Émeraude pour aller se jeter dans l'océan. Cette réalisation plus mécanique rend le cuir bien plus malléable et confortable, bien qu'il soit déconseillé de l'utiliser pour une armure solide. On le retrouve principalement entre les mains de cordonniers pour la réalisation de chausses, bottes, sacs et ceintures.",0,0,Tissu & cuir,Tout objet,,
81,12,55,NULL,NULL,162,98,3,NULL,NULL,Habit du dévot,0,"Tissu d'une simplicité déconcertante, souvent noir ou brun, très épuré dans la coupe et sans aucun fioriture. C'est un tissu obtenu avec beaucoup d'humilité, se détachant des apparats dorés de la Cour, qu'on revêt souvent lorsqu'on mène une vie pieuse et dévouée aux Esprits-Liés, aux Dieux, ou à toute entité de foi.",0,0,Tissu & cuir,Vêtements,,
82,18,6,NULL,NULL,NULL,NULL,NULL,NULL,NULL,Tisse-acier,0,"Étoffe produite par traitement d'une fibre naturelle, comme la laine ou la soie, et combinée au traitement du mithril pour rendre le tissu aussi résistant qu'une armure de guerrier. On ne peut pas teindre cette matière, mais on peut en revanche la styliser. Elle demande beaucoup de temps pour être construite, car il faut un chevalet de tisserand pour la travailler et il faut nouer chaque fibre de chaque boucle avec beaucoup d’attention.",0,0,Tissu & cuir,Tout objet,,
83,NULL,NULL,NULL,NULL,132,NULL,NULL,NULL,NULL,CendreLune,0,"Constitué de fibres végétales venues de Keet-Tiamat, trempées dans une boue mêlée de cendres de Tiamat, l'alliage offre un tissu un peu rêche, d'un gris très pâle, brillant. Il aurait notamment la propriété de se resserrer subtilement en présence d'une personne qui masque ses émotions.",0,0,Tissu & cuir,Tout objet,,
84,22,31,NULL,NULL,NULL,NULL,NULL,NULL,NULL,Tissu/Cuir magique,0,"Le tissu ou le cuir est baigné dans la sève d’arbres infusés en énergie pendant deux à six jours, puis est recouvert par de la poudre provenant d'artéfacts de dragons, avant qu’on n’en frotte énergiquement la surface afin de faire s’imprégner la poudre. Lorsque le processus est complet, on laisse sécher la pièce dans un lieu clos et en général infusé de magie (par l’utilisation de cristaux de magie par exemple).",0,0,Tissu & cuir,Tout objet,,
85,22,NULL,NULL,NULL,120,NULL,NULL,NULL,NULL,Voile arachnéen,0,"Toile d’une araignée spécifique qui a été imbibée d’une solution magique, avant d’être tissée et entrelacée de magie pure. Le tissu, une fois terminé, possède une couleur pâle et dégage une aura singulière, qui pulse doucement, assombrissant la surface de la fabrication. Il faut environ un mois pour le confectionner et la pureté de son traitement peut se vérifier à l’ombre qu’il dégage.",0,0,Tissu & cuir,Tout objet,,
86,8,18,55,NULL,NULL,NULL,NULL,NULL,NULL,Passe-ombres,0,"Le tissu ou le cuir est placé dans un bac spécifiquement glyphé et dans lequel on verse une eau saturée en argent sombre, en cristaux de magie et en orichalque. On laisse la pièce s’imbiber de cette essence, puis on la sèche une première fois. Ensuite, on effectue une couture au travers des mailles originelles, grâce à la magie, pour avoir une double épaisseur imbriquée. Le fil utilisé est un raffinement très délicat de fibres de mithril. La pièce terminée aura l’apparence du verre, reflétant l’environnement extérieur.",0,0,Tissu & cuir,Tout objet,,
87,8,NULL,NULL,NULL,152,NULL,56,NULL,NULL,Voile de passion,0,"Tissu fabriqué à partir de corolles de fleurs, de fibres végétales et de fils d’orichalque gardés dans une fusion froide par magie. Très dur à constituer, il faut à un artisan elfique deux mois pour en produire un seul exemplaire complet. Lorsqu’il est achevé, il ressemble à de la soie et dispose de superbes couleurs et d’une très grande douceur. C’est néanmoins le parfum qui s’en dégage qui est son plus grand atout.",0,0,Tissu & cuir,Tout objet,,
88,8,16,NULL,NULL,139,NULL,NULL,NULL,NULL,Voiles d’Amalthès,0,"Alliage en tissu fait à partir de soie de qualité et de tissu minéral de saphir et d'or mêlés pour concevoir de splendides motifs selon les désirs de celui faisant renforcer son vêtement par ce tissu. On le fabrique sur un chevalet magique, afin de ne pas gâter les matériaux et il faut en général plus d’un mois pour obtenir la pièce terminée.",0,0,Tissu & cuir,Tout objet,,
89,168,8,NULL,NULL,164,112,NULL,NULL,NULL,Blason du Triumvirat,0,"Broderie délicate réalisée à la main, à partir de fils de soie d'araignée renforcés par une laque d’Ilith, que l’on applique sur chaque fibre par très fines lamelles avec un pinceau de la taille d’une aiguille. Une fois la broderie effectuée, on vient graver à même les fibres une série de runes magiques, invisibles à l’oeil nu, effectuées par un sort. Lorsque ces runes sont terminées, on repasse une couche de lustre constituée de fluide d’araignée, de sécrétion de corail, ainsi que d’or et de poudre de cornaline. Le résultat est une broderie de couleur vive pleine de nuances. Elle peut cependant également être laissée blanche selon la volonté de l’acheteur.",0,0,Tissu & cuir,Tout objet,,
90,18,NULL,NULL,NULL,105,100,NULL,NULL,NULL,Voiles d’Océan,0,"Alliage en tissu fait à partir de fibres marines et de fibres d’arbres de Néthéril, associées à de minuscules écailles de Sitaara. Il dispose d’un lustre bleu-blanc très agréable à l’œil et ondoie fluidement. Sa luminosité le rend très apprécié des nouvelles générations. Au toucher, il est toujours frais et semble à la fois très délicat et très résistant.",0,0,Tissu & cuir,Tout objet,,
91,22,NULL,NULL,NULL,118,151,NULL,NULL,NULL,Vertu immaculée,0,"Tissu créé sur un chevalet magique. On lie des filins d’énergie infusés de l’essence Feu primordiale à de l’orichalque et de la nacre transformés en fibres par magie. Chaque noeud du tissu demande plus d’une semaine de travail. Lorsqu’il est achevé, il confère une aura de pureté au vêtement qui semblera immaculé et doucement lumineux par nature.",0,0,Tissu & cuir,Tout objet,,
92,22,16,NULL,NULL,94,81,19,NULL,NULL,Aura dorée,0,"Un tissu au tissage extrêmement fin, extrêmement long à créer, d'une grande délicatesse. Il mélange de l'or végétal et de l'or véritable à des filages elfiques, ainsi qu’à une dose minime d'ambre. Le résultat est d’une magnificence chatoyante et irisée, ondoyante comme une lueur de soleil ou de feu. On tisse de la magie entre chaque maille et parfois on grave même des enchantements sur les fils.",0,0,Tissu & cuir,Tout objet,,
93,57,18,168,NULL,147,NULL,NULL,NULL,NULL,Parure d’Oeos,0,"Ornement appliqué sur une surface en cuir, il s’agit d’une broderie constituée de lacets de cuirs formant l’image d’une créature fantasmagorique dont les yeux immenses prennent le centre de l’ouvrage. Sur chaque lacet sont passés des perles d’os et d’ivoire noir qui ont été sculptées pour former une fresque continue sur toute la surface de la figure ainsi constituée. Ces perles sont trempées dans une solution magique spécifique, et infusées avec la puissance d’artefacts de dragons et de gemmes de sang. Au milieu de chaque lacet est placé un croc de smilodon ou de requin, portant un glyphe unique, repris sur chaque autre croc.",0,0,Tissu & cuir,Tout objet,,
94,1,22,NULL,NULL,116,122,NULL,NULL,NULL,Tyrs alliés,0,"Tissé à partir de soie et de fibres d’argent imbibées d'extraits de gemmes de sang, ainsi que de fines lamelles de cuir d’Hippocampe entrelacées en un savant tissage serré. Cet alliage offre un tissu qui s’adapte parfaitement à la silhouette du porteur et ne provoque aucun inconfort. Il présente une couleur pouvant aller du bleu sombre au vert profond, ou au rouge sang, et de discrets reflets sous le rayon lunaire.",0,0,Tissu & cuir,Tout objet,,
95,6,53,27,NULL,NULL,NULL,NULL,NULL,NULL,Vernis aquatique,0,"De minuscules écailles de poissons sont méticuleusement disposées sur le bois, de sorte à reproduire le derme de l’animal et à offrir une meilleure pénétration dans l’eau. Un vernis produit à partir d’algues et de nacre d’huîtres rend la coque imperméable, en plus de maintenir en place le délicat motif d’écailles. A sec, le vernis prend des reflets irisés captivants.",0,0,Alliage pour navire,Coque,,
96,16,6,2,NULL,120,NULL,NULL,NULL,NULL,Coque Caladonienne,0,"Depuis l’arrivée sur Tiamaranta, la navigation a connu un grand essor. De nombreux artisans, dans chaque faction, se sont attelés à améliorer les bâtiments, et les navires marchands de Caladon ont fait le choix de renforcer leur coque pour absorber le plus de dégâts possible face aux assauts pirates. Les matériaux favorisés sont de l’essence de Doussié et de Merbau. La coque est d’ailleurs exquisement gravée d’écailles de dragons à son niveau de flottaison pour y infuser l’effet magique.",0,0,Alliage pour navire,Coque,,
97,16,175,NULL,NULL,101,NULL,NULL,NULL,NULL,Lasure éthérée,0,Il s'agit d'une lasure qu'on applique sur les coques des navires pour en améliorer la durabilité mais pas seulement. Elle est particulièrement rare puisqu'on y incorpore de la poudre d'artefact de dragon et de cristaux de magie pour enchanter le vaisseau.,0,0,Alliage pour navire,Coque,,
98,176,50,NULL,NULL,165,124,NULL,NULL,NULL,Coque solaire,0,"L’extérieur de la coque est protégé par une armure dorée faite sur mesure, constituée de mithril teint et veinée d’or véritable. Pour constituer cette armure, il faut fondre le métal dans une forge arcane sur mesure et imbibée d’essence de cristaux de magie. Une fois le métal dans le moule, on le trempe en trois fois avec l’aide de la magie de l’eau, puis une fois avec de la glace des sommets de Nyn-Tiamat. Une fois que l’armure est prête, on en renforce l’armature intérieure avec de l’orichalque et de l’ivoire marin. Enfin, on grave sur l’intérieur des glyphes de puissance magique avant de souder et riveter le tout sur la coque en bois du navire. Toute la coque doit être ensuite imbibée d’essence de cristaux de magie avant d’être traitée avec une laque spécifique usant d’artefacts de dragon et d’opales de feu.",0,0,Alliage pour navire,Coque,,
99,4,58,NULL,NULL,92,87,NULL,NULL,NULL,Océamorphe,0,"Si à l’origine le bois compose cet alliage, il est difficile de le distinguer de ses autres composants : peaux et cartilages de divers poissons et de diverses espèces maritimes, alliés aux ombrelles et mésoglées de centaines de Méduse Ïla, s’incrustent dans ce bois d’orme sombre en un savant amalgame forgé par des maitres arcanes. La coque ainsi forgée prend alors un aspect lisse, d’une harmonieuse couleur noire à grise irisée de bleu et de vert selon les jeux des vagues, et votre main glisse dessus sans accroc, telle une caresse sur la peau d’un énorme cétacé. Par moment vous pouvez même avoir l’impression de voir la coque frétiller sous vos doigts, ondulant tels les tentacules des méduses.",0,0,Alliage pour navire,Coque,,
100,11,26,NULL,NULL,150,130,NULL,NULL,NULL,Vaisseau d’ongles,0,"La coque est entièrement recomposée d’ongles des hommes et chimères morts lors de la bataille de l’Armada. Les alchimistes pirates ont récupéré la kératine et ont consolidé tous les morceaux dans des creusets de forge-arcane spécifiquement construits à cet effet, ils les ont ensuite bardés de glyphes et imprégnés de gemmes de sang. Ont été appliqués des fragments de bois le long des points de tensions du navire, puis l’ensemble d’ongles a été traité avec une laque spécifique aux multiples ingrédients, dont la plupart proviennent du marécage d’Athvamys et des côtés du Putride.",0,0,Alliage pour navire,Coque,,
101,177,12,NULL,NULL,146,129,178,NULL,NULL,Nereïade,0,"Voiles constituées d’un alliage constitué de cuir de peau et d’écailles de néréides. Outre son caractère rare et très prisé, cet alliage se révèle plus résistant que des voiles tissées, la voile ne se déformant pas malgré le temps, tout en étant plus légère. Seuls les pirates ont réussi le prodige de parvenir à tuer suffisamment de néréïdes pour fabriquer de telles voiles.",0,0,Alliage pour navire,Voiles,,
102,35,59,60,NULL,79,82,NULL,NULL,NULL,Lulelueur,0,"Voile originaire d’Athgalan faite à partir de ce que le marécage d’Athvamys a à offrir. La fabrication de ce type de voile est longue, coûteuse et surtout dangereuse en raison des matériaux demandés. En effet, l’intégralité de la voile est faite à partir d’ailes de Guide-Malheureux, cousues ensemble à l’aide de fils imprégnés de lumière, chaque aile étant baignée dans une solution obtenue à partir de venin de la même créature et de mucus de Prakash.",0,0,Alliage pour navire,Voiles,,
103,2,70,62,64,NULL,NULL,NULL,NULL,NULL,Proue Délimarienne,0,"Depuis l’arrivée sur Tiamaranta, la navigation a connu un grand essor. De nombreux artisans, dans chaque faction, se sont attelés à améliorer les bâtiments, et à Delimar c’est même devenu une source de fierté. Avec pour objectif de renforcer leur flotte armée pour faire face à Sélénia, mais surtout aux pirates, Delimar a développé une essence à base de Tatajuba et de Séquoia pour renforcer la proue de leurs navires lors des éperonnages. Pour les canons, une laque renforcée d’argent-sombre permet une cadence de tir plus soutenue.",0,0,Alliage pour navire,Poupe & Proue,,
104,18,46,NULL,NULL,85,NULL,NULL,NULL,NULL,Poupe vampirique,0,"Depuis l’arrivée sur Tiamaranta, la navigation a connu un grand essor. De nombreux artisans, dans chaque faction, se sont attelés à améliorer les bâtiments, et dans les Clans vampiriques, les navires ont surpris tout le monde en inventant d’eux-mêmes quelque chose : une essence capable de décupler les particularités magiques de leur poupe. Du Niangon et du Pin sont utilisés dans le processus avec des particules de Palladium.",0,0,Alliage pour navire,Poupe & Proue,,
105,9,60,27,NULL,NULL,NULL,NULL,NULL,NULL,Gouvernail Sélénien,0,"Depuis l’arrivée sur Tiamaranta, la navigation a connu un grand essor. De nombreux artisans, dans chaque faction, se sont attelés à améliorer les bâtiments, et dans le Royaume Sélénien les navires possèdent les meilleurs gouvernails. Ils offrent un plus grand confort à la barre et une meilleure vitesse, ainsi qu’une maniabilité facilitée pour le plus grand plaisir des capitaines. Les matériaux favorisés sont de l’essence de Moabi avec une laque de mithril.",0,0,Alliage pour navire,Autres parties du navire,,
106,70,62,179,NULL,NULL,NULL,NULL,NULL,NULL,Armes d’Athgalan,0,"Depuis l’arrivée sur Tiamaranta, la navigation a connu un essor important. De nombreux artisans se sont dès lors attelés à améliorer les bâtiments, que cela soit pour le commerce, le transport, la guerre ou la piraterie. Chaque royaume semble s’être spécialisé dans un élément composant les navires. Grâce au soutien de la Confrérie, certains artisans d’Athgalan ont été en mesure d’innover, conduisant à un renforcement de l’armement par un alliage de vif-acier et d’adamantine.",0,0,Alliage pour navire,Autres parties du navire,,